<?xml version="1.0" encoding="UTF-8"?>
<project-private xmlns="http://www.netbeans.org/ns/project-private/1">
    <editor-bookmarks xmlns="http://www.netbeans.org/ns/editor-bookmarks/2" lastBookmarkId="0"/>
    <open-files xmlns="http://www.netbeans.org/ns/projectui-open-files/2">
        <group>
            <file>file:/F:/PROJEK%20SPP%20HAN/pembayaranspp/src/pembayaranspp/laporan.java</file>
            <file>file:/F:/PROJEK%20SPP%20HAN/pembayaranspp/src/pembayaranspp/Pembayaranspp.java</file>
            <file>file:/F:/PROJEK%20SPP%20HAN/pembayaranspp/src/pembayaranspp/laporan%20bayar.jrxml</file>
            <file>file:/F:/PROJEK%20SPP%20HAN/pembayaranspp/src/pembayaranspp/login.java</file>
            <file>file:/F:/PROJEK%20SPP%20HAN/pembayaranspp/src/pembayaranspp/From_petugas.java</file>
            <file>file:/F:/PROJEK%20SPP%20HAN/pembayaranspp/src/pembayaranspp/pembayaran.java</file>
            <file>file:/F:/PROJEK%20SPP%20HAN/pembayaranspp/src/pembayaranspp/history.java</file>
            <file>file:/F:/PROJEK%20SPP%20HAN/pembayaranspp/src/pembayaranspp/Spp.java</file>
            <file>file:/F:/PROJEK%20SPP%20HAN/pembayaranspp/laporan%20bayar.jrxml</file>
            <file>file:/F:/PROJEK%20SPP%20HAN/pembayaranspp/src/pembayaranspp/kelas.java</file>
            <file>file:/F:/PROJEK%20SPP%20HAN/pembayaranspp/src/pembayaranspp/admin.java</file>
            <file>file:/F:/PROJEK%20SPP%20HAN/pembayaranspp/src/pembayaranspp/data_siswa.java</file>
        </group>
    </open-files>
</project-private>
